{
  "method": "random_search",
  "fitness": 63.6551724137931,
  "parameters": {
    "strong_frequency_threshold": 0.5092193379850997,
    "moderate_frequency_threshold": 0.57111709422525,
    "weak_frequency_threshold": 0.434616388183328,
    "strong_frequency_confidence": 0.9188799387037508,
    "moderate_frequency_confidence": 0.7818380984998131,
    "weak_frequency_confidence": 0.7494249416743685,
    "win_stay_threshold": 0.5014514464321652,
    "win_stay_base_confidence": 0.7381184868921322,
    "win_stay_confidence_scaling": 0.3715605294134741,
    "lose_shift_threshold": 0.5597840179717454,
    "lose_shift_base_confidence": 0.6662559283910456,
    "lose_shift_confidence_scaling": 0.23480631105092276,
    "anti_triple_confidence": 0.6504598330130529,
    "cycle_3_confidence": 0.8550466934760388,
    "cycle_2_confidence": 0.8437197304472202,
    "markov_strong_threshold": 0.5964072237263189,
    "markov_strong_base_confidence": 0.9050272589675581,
    "markov_strong_scaling": 0.2571001951286902,
    "markov_moderate_threshold": 0.378158626672142,
    "markov_moderate_base_confidence": 0.703994483373055,
    "markov_moderate_scaling": 0.12043845149740447,
    "predictable_threshold": 0.29773797429139076,
    "predictable_confidence": 0.9120910833338982,
    "random_threshold": 0.778654633643599,
    "random_confidence": 0.3379579661023917,
    "level_k_threshold": 0.40336945992962736,
    "level_k_confidence": 0.7828879106443523,
    "sophistication_confidence": 0.35368065253570025,
    "vote_bonus_per_predictor": 0.14703957843051074,
    "exploitation_very_high_threshold": 1.5043770079819834,
    "exploitation_very_high_rate": 0.9466644565211169,
    "exploitation_high_threshold": 1.1576028291323532,
    "exploitation_high_rate": 0.8852554909587815,
    "exploitation_moderate_threshold": 0.6136557532373449,
    "exploitation_moderate_rate": 0.7556481359412643,
    "exploitation_low_threshold": 0.36484187276944857,
    "exploitation_low_rate": 0.5768687615483618
  },
  "timestamp": "2025-11-26 15:35:38"
}